Designator,Mid X,Mid Y,Layer,Rotation
J1,-34.425,4.000,top,270
U1,-24.400,4.000,top,0
U2,-32.000,15.000,top,90
U3,-25.000,15.000,top,90
D1,-33.000,-7.000,top,90
D2,-23.250,8.750,top,0
R1,-11.000,6.000,top,90
D3,-17.000,6.000,top,270
C1,-30.000,19.000,top,0
C2,-36.250,14.000,top,90
C3,-26.250,8.500,top,270
C4,-28.600,11.500,top,0
C5,-23.250,11.750,top,180
C6,-29.200,6.500,top,90
C7,-29.200,1.600,top,270
C8,-25.200,-0.200,top,0
R2,-14.000,6.000,top,180
R3,-13.000,8.500,top,90
R4,-21.000,0.000,top,0
TP5,-20.000,18.000,top,90
TP6,-20.000,12.500,top,90
U11,-20.000,-6.000,top,90
SW2,-23.000,24.000,top,90
C30,-13.800,-7.000,top,0
C31,-14.200,-10.700,top,90
C32,-14.500,-3.800,top,90
R56,-17.250,-10.700,top,0
R57,-8.000,-2.000,top,90
Q6,1.000,2.000,top,0
R58,-24.000,19.000,top,0
R59,-8.000,6.000,top,90
R60,-11.500,-2.000,top,0
R61,-10.500,-4.800,top,0
C33,-10.000,-7.200,top,0
R62,-28.000,-14.000,top,0
Q7,-3.500,-11.250,top,0
Q8,-16.000,1.000,top,0
R63,-5.000,-3.000,top,90
R64,-5.000,1.000,top,90
R66,-12.000,0.000,top,180
R67,-12.000,2.000,top,0
C34,-8.400,2.000,top,0
TP1,-28.100,-3.000,top,0
TP2,-28.100,-7.000,top,0
TP3,-19.750,3.250,top,90
TP4,-23.000,-12.500,top,0
D4,-32.000,-17.000,top,90
U4,-22.000,-19.000,top,0
Q1,-29.000,-24.000,top,0
R5,-32.000,-12.000,top,180
R6,-25.000,-24.000,top,180
R7,-28.300,-18.650,top,180
R8,-32.000,-22.750,top,270
R9,-30.250,-27.750,top,90
R10,-28.000,-28.000,top,270
R11,-36.000,-22.000,top,180
R12,-36.000,-19.000,top,0
R13,-35.000,-16.000,top,270
R16,-2.000,-4.000,top,270
C9,-28.050,-21.000,top,180
C10,-28.000,-16.200,top,180
C11,-18.000,-13.800,top,0
U5,-8.700,-19.000,top,180
D5,-3.700,-22.500,top,90
L1,5.300,-18.500,top,0
C12,-3.200,-16.000,top,270
C13,-9.200,-10.600,top,180
C14,-13.500,-19.000,top,90
C15,-7.200,-13.750,top,0
C16,15.200,-16.000,top,0
C17,15.200,-19.500,top,0
C18,25.500,-14.000,top,0
R17,-13.450,-14.300,top,180
R18,-16.700,-17.000,top,270
R55,-16.700,-20.600,top,270
R19,-17.050,-24.000,top,180
R20,-20.050,-25.400,top,270
R21,-16.100,-26.100,top,180
R22,-9.500,-24.950,top,270
C19,-12.350,-25.050,top,180
C20,-13.300,-22.800,top,180
R23,9.000,-2.000,top,270
R68,-4.000,-8.000,top,0
R24,11.000,-7.000,top,270
U6,3.000,9.000,top,0
RV1,-9.000,17.725,top,0
R25,-8.000,10.000,top,90
D6,-2.000,9.000,top,90
D7,-5.000,9.000,top,270
R26,-4.000,5.000,top,0
C21,4.900,14.650,top,90
C22,7.900,13.250,top,0
C23,-1.150,13.500,top,90
SW1,10.000,21.000,top,0
R29,12.000,13.000,top,0
R30,16.000,13.000,top,0
LED2,20.000,24.000,top,0
LED3,20.000,19.000,top,0
U8,13.000,-3.000,top,0
R31,13.000,0.000,top,0
U9,13.000,5.000,top,0
R32,17.000,-1.000,top,90
R33,18.000,2.000,top,180
R34,8.000,11.000,top,0
D8,8.000,7.000,top,90
R39,18.000,5.000,top,180
R65,18.000,8.000,top,0
R40,22.000,8.000,top,0
C25,11.500,9.950,top,180
U10,25.000,0.000,top,0
R50,29.000,0.000,top,270
R51,20.000,-1.000,top,270
C26,23.100,5.500,top,0
C27,26.000,5.900,top,90
C28,28.300,5.900,top,270
C29,25.000,11.000,top,0
D10,31.000,18.000,top,90
D11,33.000,-3.000,top,90
J2,34.100,8.000,top,90
R54,25.000,29.000,top,270
LED1,25.000,24.000,top,0
TP7,20.000,12.000,top,90
Q2,35.500,-11.000,top,0
R41,28.000,-7.000,top,180
R42,24.000,-7.000,top,180
R43,20.000,-7.000,top,180
R44,16.000,-7.000,top,0
D9,35.000,-20.000,top,90
Q3,35.500,-15.000,top,180
R45,17.000,-29.000,top,0
R46,26.500,-29.000,top,0
R47,17.000,-24.000,top,0
R48,26.500,-24.000,top,0
R69,-22.000,-29.500,top,0
R70,-12.500,-29.500,top,0
R71,-2.000,-29.500,top,0
R72,7.500,-29.500,top,0
Q4,8.000,2.000,top,0
R49,14.000,-10.000,top,270
Q5,5.000,-10.000,top,180