References,Quantity,Value,Manufacturer,Manufacturer_Part_Number,JLCPCB_LCSC_Number,Package,Function,Supplier_Import,Stock_Observed_2026_10_02,Availability_Status,Catalog_URL,Datasheet_URL,Review_Status
"C1,C6,C7,C11,C13,C14",6,1uF,muRata,GRM21BR71H105KA12L,C77083,0805,"Connector bulk, 1 uF/50 V; PD internal regulator bypass; PD internal regulator bypass; Protected input bulk; Buck input ceramic 1; Buck input ceramic 2",imports/GRM21BR71H105KA12L.tsx,104250,LCSC stock observed; JLC assembly eligibility/stock not confirmed,https://www.lcsc.com/product-detail/C77083.html,https://datasheet.lcsc.com/datasheet/pdf/a4d1e2744bd5d44ba57842651a3fd598.pdf?productCode=C77083,Draft; datasheet/import/footprint approval incomplete
"C16,C17,C29",3,47uF,muRata,GRM31CR61E476ME44L,C403725,1206,47 uF/25 V output ceramic 1; 47 uF/25 V output ceramic 2; Local bridge ceramic bulk,imports/GRM31CR61E476ME44L.tsx,61438,LCSC stock observed; JLC assembly eligibility/stock not confirmed,https://www.lcsc.com/product-detail/C403725.html,https://datasheet.lcsc.com/datasheet/pdf/ba010764fbc88dc26754373c1e83b2ef.pdf?productCode=C403725,Draft; datasheet/import/footprint approval incomplete
C18,1,220uF,ROQANG,RVT1E221M0607,C2918361,"SMD,D6.3xL7.7mm",220 uF/25 V motor bulk,imports/RVT1E221M0607.tsx,254080,LCSC stock observed; JLC assembly eligibility/stock not confirmed,https://www.lcsc.com/product-detail/C2918361.html,https://datasheet.lcsc.com/datasheet/pdf/28b7f65130241c48e650f325ce318c84.pdf?productCode=C2918361,Draft; datasheet/import/footprint approval incomplete
"C2,C3,C8,C10,C12,C15,C23,C24,C25,C27,C28",11,100nF,YAGEO,CC0603KRX7R9BB104,C14663,0603,U2 input bypass; U3 input bypass; PD local decoupling; eFuse local input bypass; Bootstrap capacitor; Buck HF input bypass; Timer local bypass; Logic local bypass; Monitor local bypass; Charge-pump reservoir differential capacitor; Bridge local HF bypass,imports/CC0603KRX7R9BB104.tsx,6895000,LCSC stock observed; JLC assembly eligibility/stock not confirmed,https://www.lcsc.com/product-detail/C14663.html,https://datasheet.lcsc.com/datasheet/pdf/23ccee80ee542e7cf156a772bb589942.pdf?productCode=C14663,Draft; datasheet/import/footprint approval incomplete
C20,1,22pF,Samsung Electro-Mechanics,CL10C220JB8NNNC,C1653,0603,22 pF HF compensation pole,imports/CL10C220JB8NNNC.tsx,1428900,LCSC stock observed; JLC assembly eligibility/stock not confirmed,https://www.lcsc.com/product-detail/C1653.html,https://datasheet.lcsc.com/datasheet/pdf/02336ea48ea44ca18c72517dd3cb7b47.pdf?productCode=C1653,Draft; datasheet/import/footprint approval incomplete
C21,1,5.6nF,muRata,GRM1885C1H562JA01D,C440183,0603,5.6 nF C0G PWM timing,imports/GRM1885C1H562JA01D.tsx,15950,LCSC stock observed; JLC assembly eligibility/stock not confirmed,https://www.lcsc.com/product-detail/C440183.html,https://datasheet.lcsc.com/datasheet/pdf/487017f6b54a225cb531ae9163fbe3cd.pdf?productCode=C440183,Draft; datasheet/import/footprint approval incomplete
C22,1,10nF,FH,0603B103K500NT,C57112,0603,Timer threshold bypass,imports/A_0603B103K500NT.tsx,2533550,LCSC stock observed; JLC assembly eligibility/stock not confirmed,https://www.lcsc.com/product-detail/C57112.html,https://datasheet.lcsc.com/datasheet/pdf/09fe2daf22580a99fa7fea93ccb20fb7.pdf?productCode=C57112,Draft; datasheet/import/footprint approval incomplete
"C4,C5",2,4.7uF,Samsung Electro-Mechanics,CL10A475KO8NNNC,C19666,0603,5 V LDO stability; 3.3 V LDO stability,imports/CL10A475KO8NNNC.tsx,524400,LCSC stock observed; JLC assembly eligibility/stock not confirmed,https://www.lcsc.com/product-detail/C19666.html,https://datasheet.lcsc.com/datasheet/pdf/02336ea48ea44ca18c72517dd3cb7b47.pdf?productCode=C19666,Draft; datasheet/import/footprint approval incomplete
"C9,C19,C26",3,22nF,Samsung Electro-Mechanics,CL10B223KB8NNNC,C21122,0603,22 nF inrush slew control; 22 nF compensation zero; 22 nF charge-pump flying capacitor,imports/CL10B223KB8NNNC.tsx,376300,LCSC stock observed; JLC assembly eligibility/stock not confirmed,https://www.lcsc.com/product-detail/C21122.html,https://datasheet.lcsc.com/datasheet/pdf/02336ea48ea44ca18c72517dd3cb7b47.pdf?productCode=C21122,Draft; datasheet/import/footprint approval incomplete
D1,1,SMBJ22A,RUILON,SMBJ22A,C10214,DO-214AA(SMB),22 V standoff input TVS; main ICs rated 60 V,imports/SMBJ22A.tsx,805,LCSC stock observed; JLC assembly eligibility/stock not confirmed,https://www.lcsc.com/product-detail/C10214.html,https://datasheet.lcsc.com/datasheet/pdf/b88329e05d92413a3a6ff8213c2f91d9.pdf?productCode=C10214,BLOCKED: supplier-imported custom symbol lacks reference-designator text
"D10,D11",2,SMBJ15CA,YANGJIE,SMBJ15CA,C211759,DO-214AA(SMB),"Bidirectional motor terminal TVS, 24.4 V nominal surge clamp; Backup motor-rail TVS; primary clamp tracks selected rail",imports/SMBJ15CA.tsx,18280,LCSC stock observed; JLC assembly eligibility/stock not confirmed,https://www.lcsc.com/product-detail/C211759.html,https://datasheet.lcsc.com/datasheet/pdf/504fd1ee1f1560ad4781bddb0ee12cce.pdf?productCode=C211759,BLOCKED: supplier-imported custom symbol lacks reference-designator text
D2,1,"PESD24VS2UT,215",Nexperia,"PESD24VS2UT,215",C477999,SOT-23,Dual CC ESD protection,imports/PESD24VS2UT_215.tsx,9950,LCSC stock observed; JLC assembly eligibility/stock not confirmed,https://www.lcsc.com/product-detail/C477999.html,https://datasheet.lcsc.com/datasheet/pdf/dc86b700195e8918bace8e4bca8d7e8d.pdf?productCode=C477999,BLOCKED: supplier-imported custom symbol lacks reference-designator text
D3,1,BZT52C24,JSCJ,BZT52C24,C2109,SOD-123,24 V local PD-sense transient clamp,imports/BZT52C24.tsx,10450,LCSC stock observed; JLC assembly eligibility/stock not confirmed,https://www.lcsc.com/product-detail/C2109.html,https://datasheet.lcsc.com/datasheet/pdf/748504625e418aa84c5305d597e87d6d.pdf?productCode=C2109,Draft; datasheet/import/footprint approval incomplete
"D4,D5",2,SS54,MDD(Microdiode Semiconductor),SS54,C22452,SMA(DO-214AC),5 A/40 V reverse-current blocking diode; 5 A catch rectifier,imports/SS54.tsx,2141060,LCSC stock observed; JLC assembly eligibility/stock not confirmed,https://www.lcsc.com/product-detail/C22452.html,https://datasheet.lcsc.com/datasheet/pdf/3d29bdcdc3c46ec127d6db22edd72e83.pdf?productCode=C22452,Draft; datasheet/import/footprint approval incomplete
"D6,D7,D8",3,B5819W SL,JSCJ,B5819W SL,C8598,SOD-123,Steer charging through one pot segment; Steer discharging through opposite segment; Input-PG interlock on motor readiness,imports/B5819W_SL.tsx,222780,LCSC stock observed; JLC assembly eligibility/stock not confirmed,https://www.lcsc.com/product-detail/C8598.html,https://datasheet.lcsc.com/datasheet/pdf/4ac2c059be7c462694ab0715ce987a85.pdf?productCode=C8598,Draft; datasheet/import/footprint approval incomplete
D9,1,BZT52C10,JSCJ,BZT52C10,C2103,SOD-123,10 V gate protection,imports/BZT52C10.tsx,82200,LCSC stock observed; JLC assembly eligibility/stock not confirmed,https://www.lcsc.com/product-detail/C2103.html,https://datasheet.lcsc.com/datasheet/pdf/748504625e418aa84c5305d597e87d6d.pdf?productCode=C2103,Draft; datasheet/import/footprint approval incomplete
J1,1,TYPE-C-31-M-12,Korean Hroparts Elec,TYPE-C-31-M-12,C165948,SMD,Single USB-C power input,imports/TYPE_C_31_M_12.tsx,434590,LCSC stock observed; JLC assembly eligibility/stock not confirmed,https://www.lcsc.com/product-detail/C165948.html,https://datasheet.lcsc.com/datasheet/pdf/9e56b777c022540fcce7c7f67825f55e.pdf?productCode=C165948,Draft; datasheet/import/footprint approval incomplete
J2,1,DB126V-5.0-2P-GN-P,DORABO,DB126V-5.0-2P-GN-P,C395849,"Through Hole,P=5mm",Direct 2-pin 5 mm motor screw terminal,imports/DB126V_5_0_2P_GN_P.tsx,6535,LCSC stock observed; JLC assembly eligibility/stock not confirmed,https://www.lcsc.com/product-detail/C395849.html,https://datasheet.lcsc.com/datasheet/pdf/24de7591554c0d2f68ba06232b334c85.pdf?productCode=C395849,Draft; datasheet/import/footprint approval incomplete
J3,1,B-2100S04P-A110,Ckmtw,B-2100S04P-A110,C124378,"Through Hole,P=2.54mm",PD NVM service header; power from USB only,imports/B_2100S04P_A110.tsx,64150,LCSC stock observed; JLC assembly eligibility/stock not confirmed,https://www.lcsc.com/product-detail/C124378.html,https://datasheet.lcsc.com/datasheet/pdf/219f7e7eb5f34457895b2c164313179f.pdf?productCode=C124378,Draft; datasheet/import/footprint approval incomplete
L1,1,8.2uH,Chilisin,MHCC10040-8R2M-R7,C285788,"SMD,11.6x10.1mm",8.2 uH power inductor,imports/MHCC10040_8R2M_R7.tsx,115,LCSC stock observed; JLC assembly eligibility/stock not confirmed,https://www.lcsc.com/product-detail/C285788.html,https://datasheet.lcsc.com/datasheet/pdf/9a8c88491c6eccf1203c96061e881ed6.pdf?productCode=C285788,Draft; datasheet/import/footprint approval incomplete
"LED2,LED3,LED1",3,19-217/G7C-AN1P2/6T,EVERLIGHT,19-217/G7C-AN1P2/6T,C2986030,0603,Forward command indicator; Reverse command indicator; Regulated motor power indicator,imports/A_19_217_G7C_AN1P2_6T.tsx,199500,LCSC stock observed; JLC assembly eligibility/stock not confirmed,https://www.lcsc.com/product-detail/C2986030.html,https://datasheet.lcsc.com/datasheet/pdf/81913e0c4dbbe22fa92cd3e694a9c7f0.pdf?productCode=C52125182,Draft; datasheet/import/footprint approval incomplete
"Q1,Q4,Q5",3,MMBT3904,R+O,MMBT3904,C7420353,SOT-23,Invert active-low PD enable; default inhibits motor path; Disable bridge while energy clamp conducts; Disable buck during motor overvoltage,imports/MMBT3904.tsx,5003350,LCSC stock observed; JLC assembly eligibility/stock not confirmed,https://www.lcsc.com/product-detail/C7420353.html,https://datasheet.lcsc.com/datasheet/pdf/d976ec302fc5db0d525f0fb7333952e3.pdf?productCode=C7420353,BLOCKED: supplier-imported custom symbol lacks reference-designator text
Q2,1,MMBT3906LT1G,onsemi,MMBT3906LT1G,C53444,SOT-23,Dump MOSFET gate driver,imports/MMBT3906LT1G.tsx,997950,LCSC stock observed; JLC assembly eligibility/stock not confirmed,https://www.lcsc.com/product-detail/C53444.html,https://datasheet.lcsc.com/datasheet/pdf/2919ef50b979489aaaa8c3a43863cc63.pdf?productCode=C53444,BLOCKED: supplier-imported custom symbol lacks reference-designator text
Q3,1,AO3400A,AOS,AO3400A,C20917,SOT-23,Switched regenerative energy dump,imports/AO3400A.tsx,539990,LCSC stock observed; JLC assembly eligibility/stock not confirmed,https://www.lcsc.com/product-detail/C20917.html,https://datasheet.lcsc.com/datasheet/pdf/130876b936da464599428c58fd8de8f6.pdf?productCode=C20917,BLOCKED: supplier-imported custom symbol lacks reference-designator text
"R1,R29,R30,R31,R34,R43",6,1kohm,UNI-ROYAL,0603WAF1001T5E,C21190,0603,VBUS sense/discharge current limiting; LED current limit; LED current limit; Reference bias about 2.5 mA; Motor readiness open-drain pull-up; Dump gate slew and zener-current limit,imports/A_0603WAF1001T5E.tsx,3209800,LCSC stock observed; JLC assembly eligibility/stock not confirmed,https://www.lcsc.com/product-detail/C21190.html,https://datasheet.lcsc.com/datasheet/pdf/0a975aaa49b7c97f38a963127be4a823.pdf?productCode=C21190,Draft; datasheet/import/footprint approval incomplete
"R10,R17",2,162kohm,UNI-ROYAL,0603WAF1623T5E,C22815,0603,OV divider top segment; About 600 kHz switching frequency,imports/A_0603WAF1623T5E.tsx,31800,LCSC stock observed; JLC assembly eligibility/stock not confirmed,https://www.lcsc.com/product-detail/C22815.html,https://datasheet.lcsc.com/datasheet/pdf/0a975aaa49b7c97f38a963127be4a823.pdf?productCode=C22815,Draft; datasheet/import/footprint approval incomplete
"R11,R19",2,20kohm,UNI-ROYAL,0603WAF2002T5E,C4184,0603,23.04 V OV threshold top segment; 20 k default lower: 5.004 V,imports/A_0603WAF2002T5E.tsx,5426700,LCSC stock observed; JLC assembly eligibility/stock not confirmed,https://www.lcsc.com/product-detail/C4184.html,https://datasheet.lcsc.com/datasheet/pdf/0a975aaa49b7c97f38a963127be4a823.pdf?productCode=C4184,Draft; datasheet/import/footprint approval incomplete
R13,1,6.8kohm,UNI-ROYAL,0603WAF6801T5E,C23212,0603,2.65 A nominal input current limit,imports/A_0603WAF6801T5E.tsx,1298200,LCSC stock observed; JLC assembly eligibility/stock not confirmed,https://www.lcsc.com/product-detail/C23212.html,https://datasheet.lcsc.com/datasheet/pdf/0a975aaa49b7c97f38a963127be4a823.pdf?productCode=C23212,Draft; datasheet/import/footprint approval incomplete
"R2,R3,R5,R6,R7,R9,R12,R16,R23,R27,R28,R33,R39,R41,R42,R44,R49,R51",18,10kohm,VISHAY,CRCW060310K0FKEA,C844918,0603,I2C pull-up; I2C pull-up; Default disable for PD output high impedance; NPN base-current limit; eFuse enable pull-up; Input UV threshold bottom; OV divider bottom; PG open-drain pull-up; Enable isolation resistor; Direction default low; Direction default low; Undervoltage reference bottom; OV hysteresis reference isolation; PNP default off; Comparator sink-current limit; Dump gate default low; OV inhibit base-current limit; Fault test output pull-up,imports/CRCW060310K0FKEA.tsx,577600,LCSC stock observed; JLC assembly eligibility/stock not confirmed,https://www.lcsc.com/product-detail/C844918.html,https://datasheet.lcsc.com/datasheet/pdf/c36a4396dea797f64834a4c908f2f73b.pdf?productCode=C844918,Draft; datasheet/import/footprint approval incomplete
R20,1,21kohm,UNI-ROYAL,0603WAF2102T5E,C22956,0603,21 k parallel lower: 9.008 V,imports/A_0603WAF2102T5E.tsx,31200,LCSC stock observed; JLC assembly eligibility/stock not confirmed,https://www.lcsc.com/product-detail/C22956.html,https://datasheet.lcsc.com/datasheet/pdf/0a975aaa49b7c97f38a963127be4a823.pdf?productCode=C22956,Draft; datasheet/import/footprint approval incomplete
R21,1,12kohm,UNI-ROYAL,0603WAF1202T5E,C22790,0603,12 k parallel lower: 12.011 V,imports/A_0603WAF1202T5E.tsx,630900,LCSC stock observed; JLC assembly eligibility/stock not confirmed,https://www.lcsc.com/product-detail/C22790.html,https://datasheet.lcsc.com/datasheet/pdf/0a975aaa49b7c97f38a963127be4a823.pdf?productCode=C22790,Draft; datasheet/import/footprint approval incomplete
R22,1,27kohm,UNI-ROYAL,0603WAF2702T5E,C22967,0603,27 k type-II compensation,imports/A_0603WAF2702T5E.tsx,387500,LCSC stock observed; JLC assembly eligibility/stock not confirmed,https://www.lcsc.com/product-detail/C22967.html,https://datasheet.lcsc.com/datasheet/pdf/0a975aaa49b7c97f38a963127be4a823.pdf?productCode=C22967,Draft; datasheet/import/footprint approval incomplete
"R25,R26",2,330ohm,UNI-ROYAL,0603WAF3300T5E,C23138,0603,Charge end resistance; Discharge end resistance,imports/A_0603WAF3300T5E.tsx,1604700,LCSC stock observed; JLC assembly eligibility/stock not confirmed,https://www.lcsc.com/product-detail/C23138.html,https://datasheet.lcsc.com/datasheet/pdf/0a975aaa49b7c97f38a963127be4a823.pdf?productCode=C23138,Draft; datasheet/import/footprint approval incomplete
R32,1,24.3kohm,UNI-ROYAL,0603WAF2432T5E,C23348,0603,0.727 V undervoltage reference top,imports/A_0603WAF2432T5E.tsx,12600,LCSC stock observed; JLC assembly eligibility/stock not confirmed,https://www.lcsc.com/product-detail/C23348.html,https://datasheet.lcsc.com/datasheet/pdf/0a975aaa49b7c97f38a963127be4a823.pdf?productCode=C23348,Draft; datasheet/import/footprint approval incomplete
R36,1,80.6kohm,FOJAN,FRC0603F8062TS,C2933260,0603,Default 5 V clamp divider lower,imports/FRC0603F8062TS.tsx,56400,LCSC stock observed; JLC assembly eligibility/stock not confirmed,https://www.lcsc.com/product-detail/C2933260.html,https://datasheet.lcsc.com/datasheet/pdf/106fb934f95f063b695dad1b31b1eab8.pdf?productCode=C2933260,Draft; datasheet/import/footprint approval incomplete
R37,1,56.2kohm,UNI-ROYAL,0603WAF5622T5E,C23080,0603,9 V clamp divider branch,imports/A_0603WAF5622T5E.tsx,27000,LCSC stock observed; JLC assembly eligibility/stock not confirmed,https://www.lcsc.com/product-detail/C23080.html,https://datasheet.lcsc.com/datasheet/pdf/0a975aaa49b7c97f38a963127be4a823.pdf?productCode=C23080,Draft; datasheet/import/footprint approval incomplete
R38,1,32.4kohm,UNI-ROYAL,0603WAF3242T5E,C13187,0603,12 V clamp divider branch,imports/A_0603WAF3242T5E.tsx,84800,LCSC stock observed; JLC assembly eligibility/stock not confirmed,https://www.lcsc.com/product-detail/C13187.html,https://datasheet.lcsc.com/datasheet/pdf/0a975aaa49b7c97f38a963127be4a823.pdf?productCode=C13187,Draft; datasheet/import/footprint approval incomplete
"R4,R8,R18,R24,R35,R52,R53",7,100kohm,UNI-ROYAL,0603WAF1003T5E,C25803,0603,Default run/reset low; 13.2 V input UV threshold top; 100 k feedback upper segment; Default buck disabled; Separate overvoltage divider upper; Bridge input default low; Bridge input default low,imports/A_0603WAF1003T5E.tsx,15697100,LCSC stock observed; JLC assembly eligibility/stock not confirmed,https://www.lcsc.com/product-detail/C25803.html,https://datasheet.lcsc.com/datasheet/pdf/0a975aaa49b7c97f38a963127be4a823.pdf?productCode=C25803,Draft; datasheet/import/footprint approval incomplete
R40,1,1Mohm,UNI-ROYAL,0603WAF1004T5E,C22935,0603,OV hysteresis feedback,imports/A_0603WAF1004T5E.tsx,4443300,LCSC stock observed; JLC assembly eligibility/stock not confirmed,https://www.lcsc.com/product-detail/C22935.html,https://datasheet.lcsc.com/datasheet/pdf/0a975aaa49b7c97f38a963127be4a823.pdf?productCode=C22935,Draft; datasheet/import/footprint approval incomplete
"R45,R46,R47,R48",4,10ohm,FH,RPL-12K10R0FT,C2991665,2512,10 ohm/2 W; two 20 ohm parallel branches; 10 ohm/2 W; two 20 ohm parallel branches; 10 ohm/2 W; two 20 ohm parallel branches; 10 ohm/2 W; two 20 ohm parallel branches,imports/RPL_12K10R0FT.tsx,89180,LCSC stock observed; JLC assembly eligibility/stock not confirmed,https://www.lcsc.com/product-detail/C2991665.html,https://datasheet.lcsc.com/datasheet/pdf/6d0c506094879e72513db39324462eae.pdf?productCode=C2991665,Draft; datasheet/import/footprint approval incomplete
"R50,R54",2,3.3kohm,UNI-ROYAL,0402WGF3301TCE,C25890,0402,3.3 k current-sense resistor; Power LED current limit,imports/A_0402WGF3301TCE.tsx,1227100,LCSC stock observed; JLC assembly eligibility/stock not confirmed,https://www.lcsc.com/product-detail/C25890.html,https://datasheet.lcsc.com/datasheet/pdf/0a975aaa49b7c97f38a963127be4a823.pdf?productCode=C25890,Draft; datasheet/import/footprint approval incomplete
R55,1,5.1kohm,UNI-ROYAL,0603WAF5101T5E,C23186,0603,5.1 k feedback upper segment; total 105.1 k,imports/A_0603WAF5101T5E.tsx,21677100,LCSC stock observed; JLC assembly eligibility/stock not confirmed,https://www.lcsc.com/product-detail/C23186.html,https://datasheet.lcsc.com/datasheet/pdf/0a975aaa49b7c97f38a963127be4a823.pdf?productCode=C23186,Draft; datasheet/import/footprint approval incomplete
RV1,1,PTV09A-4015F-B103,BOURNS,PTV09A-4015F-B103,C5710902,Through Hole-3P,Bourns vertical 10 k linear speed pot,imports/PTV09A_4015F_B103.tsx,123,LCSC stock observed; JLC assembly eligibility/stock not confirmed,https://www.lcsc.com/product-detail/C5710902.html,https://datasheet.lcsc.com/datasheet/pdf/1d1d757a52759324e8951c5f34284de0.pdf?productCode=C5710902,BLOCKED: supplier-imported custom symbol lacks reference-designator text
"SW2,SW1",2,SS-23D03-G080,G-Switch,SS-23D03-G080,C2848921,"Through Hole,16x6.7mm",9/5/12 V selector with separate OV threshold pole; REV/OFF/FWD command: unused middle contact,imports/SS_23D03_G080.tsx,535,LCSC stock observed; JLC assembly eligibility/stock not confirmed,https://www.lcsc.com/product-detail/C2848921.html,https://datasheet.lcsc.com/datasheet/pdf/4352faccce6c37ea4a3c2dd30f2f344c.pdf?productCode=C2848921,BLOCKED: imported schematic represents only pins 1 and 2 of multi-terminal switch
U1,1,STUSB4500QTR,ST,STUSB4500QTR,C2678061,QFN-24-EP(4x4),Autonomous PD sink; NVM provisioning mandatory,imports/STUSB4500QTR.tsx,4882,LCSC stock observed; JLC assembly eligibility/stock not confirmed,https://www.lcsc.com/product-detail/C2678061.html,https://datasheet.lcsc.com/datasheet/pdf/544b1f3e32c1f05aafa0220c5ab5d05f.pdf?productCode=C2678061,Draft; datasheet/import/footprint approval incomplete
U10,1,DRV8874PWPR,TI,DRV8874PWPR,C1855818,HTSSOP-16-EP,"Integrated PWM-mode H bridge, nominal 2.22 A chopping",imports/DRV8874PWPR.tsx,29337,LCSC stock observed; JLC assembly eligibility/stock not confirmed,https://www.lcsc.com/product-detail/C1855818.html,https://datasheet.lcsc.com/datasheet/pdf/70bf2508fc7e8ef3009a3ef0e2998029.pdf?productCode=C1855818,Draft; datasheet/import/footprint approval incomplete
U2,1,TPS7A1650DGNR,TI,TPS7A1650DGNR,C468238,MSOP-8-EP,60 V rated 5 V PD/monitor supply,imports/TPS7A1650DGNR.tsx,83,LCSC stock observed; JLC assembly eligibility/stock not confirmed,https://www.lcsc.com/product-detail/C468238.html,https://datasheet.lcsc.com/datasheet/pdf/f0425bbdeb9e143e048d8a00fcbb50d1.pdf?productCode=C468238,Draft; datasheet/import/footprint approval incomplete
U3,1,TPS7A1633DGNR,TI,TPS7A1633DGNR,C181239,HVSSOP-8-EP,60 V rated logic supply,imports/TPS7A1633DGNR.tsx,819,LCSC stock observed; JLC assembly eligibility/stock not confirmed,https://www.lcsc.com/product-detail/C181239.html,https://datasheet.lcsc.com/datasheet/pdf/02a2eeca7f677151de979a4f5c46901b.pdf?productCode=C181239,Draft; datasheet/import/footprint approval incomplete
U4,1,TPS16630PWPR,TI,TPS16630PWPR,C1849461,HTSSOP-20,"Input inrush, overload latch-off and UV/OV cut-off",imports/TPS16630PWPR.tsx,1141,LCSC stock observed; JLC assembly eligibility/stock not confirmed,https://www.lcsc.com/product-detail/C1849461.html,https://datasheet.lcsc.com/datasheet/pdf/2b50753da5dfb862a8b844fadf89b87b.pdf?productCode=C1849461,Draft; datasheet/import/footprint approval incomplete
U5,1,TPS54360DDAR,TI,TPS54360DDAR,C44377,SOIC-8-EP,60 V / 3.5 A buck regulator,imports/TPS54360DDAR.tsx,76286,LCSC stock observed; JLC assembly eligibility/stock not confirmed,https://www.lcsc.com/product-detail/C44377.html,https://datasheet.lcsc.com/datasheet/pdf/b45fe4c7241d44d7b8b28bf6621334e4.pdf?productCode=C44377,Draft; datasheet/import/footprint approval incomplete
U6,1,TLC555CDR,TI,TLC555CDR,C6986,SOIC-8,Hardware potentiometer PWM,imports/TLC555CDR.tsx,89930,LCSC stock observed; JLC assembly eligibility/stock not confirmed,https://www.lcsc.com/product-detail/C6986.html,https://datasheet.lcsc.com/datasheet/pdf/c234e5cf0c7470d8209b8cbff784fe81.pdf?productCode=C6986,Draft; datasheet/import/footprint approval incomplete
U7,1,SN74LVC2G08DCUR,TI,SN74LVC2G08DCUR,C91875,VSSOP-8-0.5mm,PWM direction gating; OFF drives both inputs low,imports/SN74LVC2G08DCUR.tsx,2285,LCSC stock observed; JLC assembly eligibility/stock not confirmed,https://www.lcsc.com/product-detail/C91875.html,https://datasheet.lcsc.com/datasheet/pdf/968bfbac32a9456f9c39b7fabd4a8c54.pdf?productCode=C91875,Draft; datasheet/import/footprint approval incomplete
U8,1,TL431AIDBZR,TI,TL431AIDBZR,C23892,SOT-23-3,2.495 V reference,imports/TL431AIDBZR.tsx,164900,LCSC stock observed; JLC assembly eligibility/stock not confirmed,https://www.lcsc.com/product-detail/C23892.html,https://datasheet.lcsc.com/datasheet/pdf/01db65b56d054fd7910d6d04f8eaeb9e.pdf?productCode=C23892,BLOCKED: supplier-imported custom symbol lacks reference-designator text
U9,1,LM393DR,TI,LM393DR,C67470,SOIC-8,Undervoltage motor disable and independent overvoltage dump,imports/LM393DR.tsx,198790,LCSC stock observed; JLC assembly eligibility/stock not confirmed,https://www.lcsc.com/product-detail/C67470.html,https://datasheet.lcsc.com/datasheet/pdf/4ffff5eb96c540b2a2b34daa62bfa57f.pdf?productCode=C67470,Draft; datasheet/import/footprint approval incomplete
