"References","Quantity","Value","Manufacturer","Manufacturer_Part_Number","JLCPCB_LCSC_Number","Package","Function","Supplier_Import","Stock_Observed","Availability_Status","Catalog_URL","Datasheet_URL","Review_Status","Availability_Checked_On"
"J1","1","TYPE-C-31-M-12","Korean Hroparts Elec","TYPE-C-31-M-12","C165948","SMD","Single USB-C power input","imports/TYPE_C_31_M_12.tsx","424501","JLCPCB Extended assembly listing; snapshot, not reserved","https://jlcpcb.com/parts/componentSearch?searchTxt=TYPE-C-31-M-12","https://datasheet.lcsc.com/datasheet/pdf/9e56b777c022540fcce7c7f67825f55e.pdf?productCode=C165948","A22 unchanged official import/schema/pin/pad audit passed; prototype qualification and assembly process pending","2026-10-04"
"U1","1","STUSB4500QTR","ST","STUSB4500QTR","C2678061","QFN-24-EP(4x4)","STUSB4500 sink with MCU-driven runtime matching","imports/STUSB4500QTR.tsx","4877","JLCPCB Extended assembly listing; snapshot, not reserved","https://jlcpcb.com/parts/componentSearch?searchTxt=STUSB4500QTR","https://datasheet.lcsc.com/datasheet/pdf/544b1f3e32c1f05aafa0220c5ab5d05f.pdf?productCode=C2678061","A22 unchanged official import/schema/pin/pad audit passed; prototype qualification and assembly process pending","2026-10-04"
"U2","1","TPS7A1650DGNR","TI","TPS7A1650DGNR","C468238","MSOP-8-EP","60 V rated 5 V PD/monitor supply","imports/TPS7A1650DGNR.tsx","162","JLCPCB Extended assembly listing; snapshot, not reserved","https://jlcpcb.com/parts/componentSearch?searchTxt=TPS7A1650DGNR","https://datasheet.lcsc.com/datasheet/pdf/f0425bbdeb9e143e048d8a00fcbb50d1.pdf?productCode=C468238","A22 unchanged official import/schema/pin/pad audit passed; prototype qualification and assembly process pending","2026-10-04"
"U3","1","TPS7A1633DGNR","TI","TPS7A1633DGNR","C181239","HVSSOP-8-EP","60 V rated logic supply","imports/TPS7A1633DGNR.tsx","893","JLCPCB Extended assembly listing; snapshot, not reserved","https://jlcpcb.com/parts/componentSearch?searchTxt=TPS7A1633DGNR","https://datasheet.lcsc.com/datasheet/pdf/02a2eeca7f677151de979a4f5c46901b.pdf?productCode=C181239","A22 unchanged official import/schema/pin/pad audit passed; prototype qualification and assembly process pending","2026-10-04"
"D1","1","SMBJ22A","RUILON","SMBJ22A","C10214","DO-214AA(SMB)","22 V standoff input TVS; main ICs rated 60 V","imports/SMBJ22A.tsx","855","JLCPCB Extended assembly listing; snapshot, not reserved","https://jlcpcb.com/parts/componentSearch?searchTxt=SMBJ22A","https://datasheet.lcsc.com/datasheet/pdf/b88329e05d92413a3a6ff8213c2f91d9.pdf?productCode=C10214","A22 unchanged official import/schema/pin/pad audit passed; prototype qualification and assembly process pending","2026-10-04"
"D2","1","PESD24VS2UT,215","Nexperia","PESD24VS2UT,215","C477999","SOT-23","Dual CC ESD protection","imports/PESD24VS2UT_215.tsx","9951","JLCPCB Extended assembly listing; snapshot, not reserved","https://jlcpcb.com/parts/componentSearch?searchTxt=PESD24VS2UT%2C215","https://datasheet.lcsc.com/datasheet/pdf/dc86b700195e8918bace8e4bca8d7e8d.pdf?productCode=C477999","A22 unchanged official import/schema/pin/pad audit passed; prototype qualification and assembly process pending","2026-10-04"
"R1,R29,R30,R34,R43","5","1kohm","UNI-ROYAL","0603WAF1001T5E","C21190","0603","VBUS sense/discharge current limiting; Forward PWM LED current limit; Reverse PWM LED current limit; Motor readiness open-drain pull-up; Dump gate slew and zener-current limit","imports/A_0603WAF1001T5E.tsx","21545901","JLCPCB Basic assembly listing; snapshot, not reserved","https://jlcpcb.com/parts/componentSearch?searchTxt=0603WAF1001T5E","https://datasheet.lcsc.com/datasheet/pdf/0a975aaa49b7c97f38a963127be4a823.pdf?productCode=C21190","A22 unchanged official import/schema/pin/pad audit passed; prototype qualification and assembly process pending","2026-10-04"
"D3","1","BZT52C24","JSCJ","BZT52C24","C2109","SOD-123","24 V local PD-sense transient clamp","imports/BZT52C24.tsx","10809","JLCPCB Extended assembly listing; snapshot, not reserved","https://jlcpcb.com/parts/componentSearch?searchTxt=BZT52C24","https://datasheet.lcsc.com/datasheet/pdf/748504625e418aa84c5305d597e87d6d.pdf?productCode=C2109","A22 unchanged official import/schema/pin/pad audit passed; prototype qualification and assembly process pending","2026-10-04"
"C1,C6,C7,C11,C31","5","1uF","muRata","GRM21BR71H105KA12L","C77083","0805","Connector bulk, 1 uF/50 V; PD internal regulator bypass; PD internal regulator bypass; Protected input bulk; MCU local bulk","imports/GRM21BR71H105KA12L.tsx","127305","JLCPCB Extended assembly listing; snapshot, not reserved","https://jlcpcb.com/parts/componentSearch?searchTxt=GRM21BR71H105KA12L","https://datasheet.lcsc.com/datasheet/pdf/a4d1e2744bd5d44ba57842651a3fd598.pdf?productCode=C77083","A22 unchanged official import/schema/pin/pad audit passed; prototype qualification and assembly process pending","2026-10-04"
"C2,C3,C8,C10,C12,C15,C23,C25,C27,C28,C30,C32","12","100nF","YAGEO","CC0603KRX7R9BB104","C14663","0603","U2 input bypass; U3 input bypass; PD local decoupling; eFuse local input bypass; Bootstrap capacitor; Buck HF input bypass; Timer local bypass; Motor-rail-powered monitor bypass; Charge-pump reservoir differential capacitor; Bridge local HF bypass; MCU local decoupling; NRST noise filtering","imports/CC0603KRX7R9BB104.tsx","58010137","JLCPCB Basic assembly listing; snapshot, not reserved","https://jlcpcb.com/parts/componentSearch?searchTxt=CC0603KRX7R9BB104","https://datasheet.lcsc.com/datasheet/pdf/23ccee80ee542e7cf156a772bb589942.pdf?productCode=C14663","A22 unchanged official import/schema/pin/pad audit passed; prototype qualification and assembly process pending","2026-10-04"
"C4,C5","2","4.7uF","Samsung Electro-Mechanics","CL10A475KO8NNNC","C19666","0603","5 V LDO stability; 3.3 V LDO stability","imports/CL10A475KO8NNNC.tsx","2526776","JLCPCB Basic assembly listing; snapshot, not reserved","https://jlcpcb.com/parts/componentSearch?searchTxt=CL10A475KO8NNNC","https://datasheet.lcsc.com/datasheet/pdf/02336ea48ea44ca18c72517dd3cb7b47.pdf?productCode=C19666","A22 unchanged official import/schema/pin/pad audit passed; prototype qualification and assembly process pending","2026-10-04"
"R2,R3,R5","3","4.7 kOhm","UNI-ROYAL","0603WAF4701T5E","C23162","0603","4.7 kOhm I2C pull-up; 400 kHz rise-time qualification requires bus capacitance <=75 pF; 4.7 kOhm I2C pull-up; 400 kHz rise-time qualification requires bus capacitance <=75 pF; 4.7 kOhm PD-enable pull-up; preserves valid MCU high level despite Q1 base loading","imports/A_0603WAF4701T5E.tsx","22405559","JLCPCB Basic assembly listing; snapshot, not reserved","https://jlcpcb.com/parts/componentSearch?searchTxt=0603WAF4701T5E","https://datasheet.lcsc.com/datasheet/pdf/0a975aaa49b7c97f38a963127be4a823.pdf?productCode=C23162","A22 unchanged official import/schema/pin/pad audit passed; prototype qualification and assembly process pending","2026-10-04"
"R4,R8,R18,R24,R56,R58,R59,R63,R64","9","100kohm","UNI-ROYAL","0603WAF1003T5E","C25803","0603","Default run/reset low; 13.2 V input UV threshold top; 100 k feedback upper segment; Default buck disabled; Default-off eFuse host enable; Selector 9 V bit default low; Selector 12 V bit default low; 9 V feedback branch default off; 12 V feedback branch default off","imports/A_0603WAF1003T5E.tsx","22092831","JLCPCB Basic assembly listing; snapshot, not reserved","https://jlcpcb.com/parts/componentSearch?searchTxt=0603WAF1003T5E","https://datasheet.lcsc.com/datasheet/pdf/0a975aaa49b7c97f38a963127be4a823.pdf?productCode=C25803","A22 unchanged official import/schema/pin/pad audit passed; prototype qualification and assembly process pending","2026-10-04"
"D4,D5","2","SS54","MDD(Microdiode Semiconductor)","SS54","C22452","SMA(DO-214AC)","5 A/40 V reverse-current blocking diode; 5 A catch rectifier","imports/SS54.tsx","2392171","JLCPCB Basic assembly listing; snapshot, not reserved","https://jlcpcb.com/parts/componentSearch?searchTxt=SS54","https://datasheet.lcsc.com/datasheet/pdf/3d29bdcdc3c46ec127d6db22edd72e83.pdf?productCode=C22452","A22 unchanged official import/schema/pin/pad audit passed; prototype qualification and assembly process pending","2026-10-04"
"U4","1","TPS16630PWPR","TI","TPS16630PWPR","C1849461","HTSSOP-20","Input inrush, overload latch-off and UV/OV cut-off","imports/TPS16630PWPR.tsx","1131","JLCPCB Extended assembly listing; snapshot, not reserved","https://jlcpcb.com/parts/componentSearch?searchTxt=TPS16630PWPR","https://datasheet.lcsc.com/datasheet/pdf/2b50753da5dfb862a8b844fadf89b87b.pdf?productCode=C1849461","A22 unchanged official import/schema/pin/pad audit passed; prototype qualification and assembly process pending","2026-10-04"
"Q1,Q4,Q5,Q6","4","MMBT3904","R+O","MMBT3904","C7420353","SOT-23","Invert active-low PD enable; default inhibits motor path; Disable bridge while energy clamp conducts; Disable buck during motor overvoltage; Fail-safe bridge inhibit; GPIO open drain releases motor only after qualification","imports/MMBT3904.tsx","5189160","JLCPCB Extended assembly listing; snapshot, not reserved","https://jlcpcb.com/parts/componentSearch?searchTxt=C7420353","https://datasheet.lcsc.com/datasheet/pdf/d976ec302fc5db0d525f0fb7333952e3.pdf?productCode=C7420353","A22 unchanged official import/schema/pin/pad audit passed; prototype qualification and assembly process pending","2026-10-04"
"R6,R11,R19,R39","4","20kohm","UNI-ROYAL","0603WAF2002T5E","C4184","0603","20 kOhm Q1 base resistor; robust default inhibit and GPIO input margin; 23.04 V OV threshold top segment; 20 k default lower: 5.004 V; 20 kΩ OV-reference upper divider","imports/A_0603WAF2002T5E.tsx","8023652","JLCPCB Basic assembly listing; snapshot, not reserved","https://jlcpcb.com/parts/componentSearch?searchTxt=0603WAF2002T5E","https://datasheet.lcsc.com/datasheet/pdf/0a975aaa49b7c97f38a963127be4a823.pdf?productCode=C4184","A22 unchanged official import/schema/pin/pad audit passed; prototype qualification and assembly process pending","2026-10-04"
"R7,R9,R12,R16,R23,R33,R41,R42,R44,R49,R51,R57,R62","13","10kohm","VISHAY","CRCW060310K0FKEA","C844918","0603","Host-qualified eFuse enable isolation; Input UV threshold bottom; OV divider bottom; PG open-drain pull-up; Enable isolation resistor; Undervoltage reference bottom; PNP default off; Comparator sink-current limit; Dump gate default low; OV inhibit base-current limit; Fault test output pull-up; Bridge inhibit defaults asserted until MCU sinks base; PD alert open-drain pull-up","imports/CRCW060310K0FKEA.tsx","894086","JLCPCB Extended assembly listing; snapshot, not reserved","https://jlcpcb.com/parts/componentSearch?searchTxt=CRCW060310K0FKEA","https://datasheet.lcsc.com/datasheet/pdf/c36a4396dea797f64834a4c908f2f73b.pdf?productCode=C844918","A22 unchanged official import/schema/pin/pad audit passed; prototype qualification and assembly process pending","2026-10-04"
"R10,R17","2","162kohm","UNI-ROYAL","0603WAF1623T5E","C22815","0603","OV divider top segment; About 600 kHz switching frequency","imports/A_0603WAF1623T5E.tsx","42391","JLCPCB Extended assembly listing; snapshot, not reserved","https://jlcpcb.com/parts/componentSearch?searchTxt=0603WAF1623T5E","https://datasheet.lcsc.com/datasheet/pdf/0a975aaa49b7c97f38a963127be4a823.pdf?productCode=C22815","A22 unchanged official import/schema/pin/pad audit passed; prototype qualification and assembly process pending","2026-10-04"
"R13","1","6.98kohm","UNI-ROYAL","0603WAF6981T5E","C23215","0603","6.98 kΩ eFuse limit; 2.298–2.865 A including IC/resistor tolerances; 5% qualification reserve","imports/A_0603WAF6981T5E.tsx","28659","JLCPCB Extended assembly listing; snapshot, not reserved","https://jlcpcb.com/parts/componentSearch?searchTxt=0603WAF6981T5E","https://www.lcsc.com/datasheet/C23215.pdf","A22 unchanged official import/schema/pin/pad audit passed; prototype qualification and assembly process pending","2026-10-04"
"C9,C19,C26","3","22nF","Samsung Electro-Mechanics","CL10B223KB8NNNC","C21122","0603","22 nF inrush slew control; 22 nF compensation zero; 22 nF charge-pump flying capacitor","imports/CL10B223KB8NNNC.tsx","890949","JLCPCB Basic assembly listing; snapshot, not reserved","https://jlcpcb.com/parts/componentSearch?searchTxt=CL10B223KB8NNNC","https://datasheet.lcsc.com/datasheet/pdf/02336ea48ea44ca18c72517dd3cb7b47.pdf?productCode=C21122","A22 unchanged official import/schema/pin/pad audit passed; prototype qualification and assembly process pending","2026-10-04"
"U5","1","TPS54360DDAR","TI","TPS54360DDAR","C44377","SOIC-8-EP","60 V / 3.5 A buck regulator","imports/TPS54360DDAR.tsx","76287","JLCPCB Extended assembly listing; snapshot, not reserved","https://jlcpcb.com/parts/componentSearch?searchTxt=TPS54360DDAR","https://datasheet.lcsc.com/datasheet/pdf/b45fe4c7241d44d7b8b28bf6621334e4.pdf?productCode=C44377","A22 unchanged official import/schema/pin/pad audit passed; prototype qualification and assembly process pending","2026-10-04"
"L1","1","8.2uH","Chilisin","MHCC10040-8R2M-R7","C285788","SMD,11.6x10.1mm","8.2 uH power inductor","imports/MHCC10040_8R2M_R7.tsx","117","JLCPCB Extended assembly listing; snapshot, not reserved","https://jlcpcb.com/parts/componentSearch?searchTxt=MHCC10040-8R2M-R7","https://datasheet.lcsc.com/datasheet/pdf/9a8c88491c6eccf1203c96061e881ed6.pdf?productCode=C285788","A22 unchanged official import/schema/pin/pad audit passed; prototype qualification and assembly process pending","2026-10-04"
"C13,C14","2","10uF / 50 V / X7R","Samsung Electro-Mechanics","CL32B106KBJNNNE","C138687","1210","10 uF / 50 V X7R buck input ceramic; DC-bias and ripple screened; 10 uF / 50 V X7R buck input ceramic; DC-bias and ripple screened","imports/CL32B106KBJNNNE.tsx","48855","JLCPCB Extended assembly listing; snapshot, not reserved","https://jlcpcb.com/parts/componentSearch?searchTxt=CL32B106KBJNNNE","https://product.samsungsem.com/mlcc/CL32B106KBJNNN.do","A22 unchanged official import/schema/pin/pad audit passed; prototype qualification and assembly process pending","2026-10-04"
"C16,C17,C29","3","47uF","muRata","GRM31CR61E476ME44L","C403725","1206","47 uF/25 V output ceramic 1; 47 uF/25 V output ceramic 2; Local bridge ceramic bulk","imports/GRM31CR61E476ME44L.tsx","109611","JLCPCB Extended assembly listing; snapshot, not reserved","https://jlcpcb.com/parts/componentSearch?searchTxt=GRM31CR61E476ME44L","https://datasheet.lcsc.com/datasheet/pdf/ba010764fbc88dc26754373c1e83b2ef.pdf?productCode=C403725","A22 unchanged official import/schema/pin/pad audit passed; prototype qualification and assembly process pending","2026-10-04"
"C18","1","330uF","Panasonic","35SVPK330M","C178373","SMD,D10xL12.6mm","330 uF/35 V polymer motor bulk; compensation/thermal qualification pending","imports/A_35SVPK330M.tsx","241","JLCPCB Extended assembly listing; snapshot, not reserved","https://jlcpcb.com/parts/componentSearch?searchTxt=35SVPK330M","https://datasheet.lcsc.com/datasheet/pdf/b911616dc38d486084d05259d162b4ef.pdf?productCode=C178373","A22 unchanged official import/schema/pin/pad audit passed; prototype qualification and assembly process pending","2026-10-04"
"R55","1","5.1kohm","UNI-ROYAL","0603WAF5101T5E","C23186","0603","5.1 k feedback upper segment; total 105.1 k","imports/A_0603WAF5101T5E.tsx","25243746","JLCPCB Basic assembly listing; snapshot, not reserved","https://jlcpcb.com/parts/componentSearch?searchTxt=0603WAF5101T5E","https://datasheet.lcsc.com/datasheet/pdf/0a975aaa49b7c97f38a963127be4a823.pdf?productCode=C23186","A22 unchanged official import/schema/pin/pad audit passed; prototype qualification and assembly process pending","2026-10-04"
"R20","1","21kohm","UNI-ROYAL","0603WAF2102T5E","C22956","0603","21 k parallel lower: 9.008 V","imports/A_0603WAF2102T5E.tsx","42994","JLCPCB Extended assembly listing; snapshot, not reserved","https://jlcpcb.com/parts/componentSearch?searchTxt=0603WAF2102T5E","https://datasheet.lcsc.com/datasheet/pdf/0a975aaa49b7c97f38a963127be4a823.pdf?productCode=C22956","A22 unchanged official import/schema/pin/pad audit passed; prototype qualification and assembly process pending","2026-10-04"
"R21","1","12kohm","UNI-ROYAL","0603WAF1202T5E","C22790","0603","12 k parallel lower: 12.011 V","imports/A_0603WAF1202T5E.tsx","1194632","JLCPCB Basic assembly listing; snapshot, not reserved","https://jlcpcb.com/parts/componentSearch?searchTxt=0603WAF1202T5E","https://datasheet.lcsc.com/datasheet/pdf/0a975aaa49b7c97f38a963127be4a823.pdf?productCode=C22790","A22 unchanged official import/schema/pin/pad audit passed; prototype qualification and assembly process pending","2026-10-04"
"R22,R32","2","27kohm","UNI-ROYAL","0603WAF2702T5E","C22967","0603","27 k type-II compensation; 27 kOhm UV-reference upper divider; conservative comparator tolerance margin","imports/A_0603WAF2702T5E.tsx","701784","JLCPCB Basic assembly listing; snapshot, not reserved","https://jlcpcb.com/parts/componentSearch?searchTxt=0603WAF2702T5E","https://datasheet.lcsc.com/datasheet/pdf/0a975aaa49b7c97f38a963127be4a823.pdf?productCode=C22967","A22 unchanged official import/schema/pin/pad audit passed; prototype qualification and assembly process pending","2026-10-04"
"C20,C33,C34","3","22pF","Samsung Electro-Mechanics","CL10C220JB8NNNC","C1653","0603","22 pF HF compensation pole; 22 pF C0G fast ADC sensing; acquisition/noise qualification required; 22 pF C0G fast ADC sensing; acquisition/noise qualification required","imports/CL10C220JB8NNNC.tsx","2739520","JLCPCB Basic assembly listing; snapshot, not reserved","https://jlcpcb.com/parts/componentSearch?searchTxt=CL10C220JB8NNNC","https://datasheet.lcsc.com/datasheet/pdf/02336ea48ea44ca18c72517dd3cb7b47.pdf?productCode=C1653","A22 unchanged official import/schema/pin/pad audit passed; prototype qualification and assembly process pending","2026-10-04"
"U6","1","TLC555CDR","TI","TLC555CDR","C6986","SOIC-8","Hardware potentiometer PWM","imports/TLC555CDR.tsx","89914","JLCPCB Extended assembly listing; snapshot, not reserved","https://jlcpcb.com/parts/componentSearch?searchTxt=TLC555CDR","https://datasheet.lcsc.com/datasheet/pdf/c234e5cf0c7470d8209b8cbff784fe81.pdf?productCode=C6986","A22 unchanged official import/schema/pin/pad audit passed; prototype qualification and assembly process pending","2026-10-04"
"RV1","1","PTV09A-4015F-B103","BOURNS","PTV09A-4015F-B103","C5710902","Through Hole-3P","Bourns vertical 10 k linear speed pot","imports/PTV09A_4015F_B103.tsx","123","JLCPCB Extended assembly listing; snapshot, not reserved","https://jlcpcb.com/parts/componentSearch?searchTxt=PTV09A-4015F-B103","https://datasheet.lcsc.com/datasheet/pdf/1d1d757a52759324e8951c5f34284de0.pdf?productCode=C5710902","A22 unchanged official import/schema/pin/pad audit passed; prototype qualification and assembly process pending","2026-10-04"
"R25,R26","2","330ohm","UNI-ROYAL","0603WAF3300T5E","C23138","0603","Charge end resistance; Discharge end resistance","imports/A_0603WAF3300T5E.tsx","3269595","JLCPCB Basic assembly listing; snapshot, not reserved","https://jlcpcb.com/parts/componentSearch?searchTxt=0603WAF3300T5E","https://datasheet.lcsc.com/datasheet/pdf/0a975aaa49b7c97f38a963127be4a823.pdf?productCode=C23138","A22 unchanged official import/schema/pin/pad audit passed; prototype qualification and assembly process pending","2026-10-04"
"D6,D7,D8","3","B5819W SL","JSCJ","B5819W SL","C8598","SOD-123","Steer charging through one pot segment; Steer discharging through opposite segment; Input-PG interlock on motor readiness","imports/B5819W_SL.tsx","467328","JLCPCB Basic assembly listing; snapshot, not reserved","https://jlcpcb.com/parts/componentSearch?searchTxt=C8598","https://datasheet.lcsc.com/datasheet/pdf/4ac2c059be7c462694ab0715ce987a85.pdf?productCode=C8598","A22 unchanged official import/schema/pin/pad audit passed; prototype qualification and assembly process pending","2026-10-04"
"C21","1","5.6nF","muRata","GRM1885C1H562JA01D","C440183","0603","5.6 nF C0G PWM timing","imports/GRM1885C1H562JA01D.tsx","17893","JLCPCB Extended assembly listing; snapshot, not reserved","https://jlcpcb.com/parts/componentSearch?searchTxt=GRM1885C1H562JA01D","https://datasheet.lcsc.com/datasheet/pdf/487017f6b54a225cb531ae9163fbe3cd.pdf?productCode=C440183","A22 unchanged official import/schema/pin/pad audit passed; prototype qualification and assembly process pending","2026-10-04"
"C22","1","10nF","FH","0603B103K500NT","C57112","0603","Timer threshold bypass","imports/A_0603B103K500NT.tsx","6770203","JLCPCB Basic assembly listing; snapshot, not reserved","https://jlcpcb.com/parts/componentSearch?searchTxt=0603B103K500NT","https://datasheet.lcsc.com/datasheet/pdf/09fe2daf22580a99fa7fea93ccb20fb7.pdf?productCode=C57112","A22 unchanged official import/schema/pin/pad audit passed; prototype qualification and assembly process pending","2026-10-04"
"SW1","1","SPDT ON-OFF-ON","Dailywell","1MS3T1B1M2QES-5","C908270","Through Hole","SPDT ON-OFF-ON routes hardware PWM; common physical pin 2","imports/A_1MS3T1B1M2QES_5.tsx","1463","JLCPCB Extended assembly listing; snapshot, not reserved","https://jlcpcb.com/parts/componentSearch?searchTxt=1MS3T1B1M2QES-5","https://datasheet.lcsc.com/datasheet/pdf/5ad91fd2f37ff94d0c59ecc6c8369663.pdf?productCode=C908270","A22 unchanged official import/schema/pin/pad audit passed; prototype qualification and assembly process pending","2026-10-04"
"LED2,LED3,LED1","3","19-217/G7C-AN1P2/6T","EVERLIGHT","19-217/G7C-AN1P2/6T","C2986030","0603","Forward command indicator; Reverse command indicator; Regulated motor power indicator","imports/A_19_217_G7C_AN1P2_6T.tsx","225582","JLCPCB Extended assembly listing; snapshot, not reserved","https://jlcpcb.com/parts/componentSearch?searchTxt=19-217%2FG7C-AN1P2%2F6T","https://datasheet.lcsc.com/datasheet/pdf/81913e0c4dbbe22fa92cd3e694a9c7f0.pdf?productCode=C52125182","A22 unchanged official import/schema/pin/pad audit passed; prototype qualification and assembly process pending","2026-10-04"
"U8","1","TL431AIDBZR","TI","TL431AIDBZR","C23892","SOT-23-3","2.495 V reference","imports/TL431AIDBZR.tsx","169318","JLCPCB Extended assembly listing; snapshot, not reserved","https://jlcpcb.com/parts/componentSearch?searchTxt=TL431AIDBZR","https://datasheet.lcsc.com/datasheet/pdf/01db65b56d054fd7910d6d04f8eaeb9e.pdf?productCode=C23892","A22 unchanged official import/schema/pin/pad audit passed; prototype qualification and assembly process pending","2026-10-04"
"R31","1","2 kOhm","UNI-ROYAL","0603WAF2001T5E","C22975","0603","2 kOhm motor-rail-powered TL431 reference bias; independent of USB supply","imports/A_0603WAF2001T5E.tsx","13559042","JLCPCB Basic assembly listing; snapshot, not reserved","https://jlcpcb.com/parts/componentSearch?searchTxt=0603WAF2001T5E","https://datasheet.lcsc.com/datasheet/pdf/0a975aaa49b7c97f38a963127be4a823.pdf?productCode=C22975","A22 unchanged official import/schema/pin/pad audit passed; prototype qualification and assembly process pending","2026-10-04"
"U9","1","LM393DR","TI","LM393DR","C67470","SOIC-8","Motor-rail-powered UV/OV comparator; regeneration protection persists on USB unplug","imports/LM393DR.tsx","200919","JLCPCB Extended assembly listing; snapshot, not reserved","https://jlcpcb.com/parts/componentSearch?searchTxt=LM393DR","https://datasheet.lcsc.com/datasheet/pdf/4ffff5eb96c540b2a2b34daa62bfa57f.pdf?productCode=C67470","A22 unchanged official import/schema/pin/pad audit passed; prototype qualification and assembly process pending","2026-10-04"
"R65","1","11kohm","UNI-ROYAL","0603WAF1102T5E","C25950","0603","11 kOhm OV-reference lower divider; conservative comparator tolerance margin","imports/A_0603WAF1102T5E.tsx","323597","JLCPCB Extended assembly listing; snapshot, not reserved","https://jlcpcb.com/parts/componentSearch?searchTxt=0603WAF1102T5E","https://www.lcsc.com/datasheet/C25950.pdf","A22 unchanged official import/schema/pin/pad audit passed; prototype qualification and assembly process pending","2026-10-04"
"R40","1","1Mohm","UNI-ROYAL","0603WAF1004T5E","C22935","0603","OV hysteresis feedback","imports/A_0603WAF1004T5E.tsx","6587622","JLCPCB Basic assembly listing; snapshot, not reserved","https://jlcpcb.com/parts/componentSearch?searchTxt=0603WAF1004T5E","https://datasheet.lcsc.com/datasheet/pdf/0a975aaa49b7c97f38a963127be4a823.pdf?productCode=C22935","A22 unchanged official import/schema/pin/pad audit passed; prototype qualification and assembly process pending","2026-10-04"
"Q2","1","MMBT3906LT1G","onsemi","MMBT3906LT1G","C53444","SOT-23","Dump MOSFET gate driver","imports/MMBT3906LT1G.tsx","999128","JLCPCB Extended assembly listing; snapshot, not reserved","https://jlcpcb.com/parts/componentSearch?searchTxt=MMBT3906LT1G","https://datasheet.lcsc.com/datasheet/pdf/2919ef50b979489aaaa8c3a43863cc63.pdf?productCode=C53444","A22 unchanged official import/schema/pin/pad audit passed; prototype qualification and assembly process pending","2026-10-04"
"D9","1","BZT52C10","JSCJ","BZT52C10","C2103","SOD-123","10 V gate protection","imports/BZT52C10.tsx","84843","JLCPCB Extended assembly listing; snapshot, not reserved","https://jlcpcb.com/parts/componentSearch?searchTxt=BZT52C10","https://datasheet.lcsc.com/datasheet/pdf/748504625e418aa84c5305d597e87d6d.pdf?productCode=C2103","A22 unchanged official import/schema/pin/pad audit passed; prototype qualification and assembly process pending","2026-10-04"
"Q3,Q7,Q8","3","AO3400A","AOS","AO3400A","C20917","SOT-23","Switched regenerative energy dump; 9 V feedback branch switch; isolates analog node from MCU; 12 V feedback branch switch; isolates analog node from MCU","imports/AO3400A.tsx","955108","JLCPCB Basic assembly listing; snapshot, not reserved","https://jlcpcb.com/parts/componentSearch?searchTxt=AO3400A","https://datasheet.lcsc.com/datasheet/pdf/130876b936da464599428c58fd8de8f6.pdf?productCode=C20917","A22 unchanged official import/schema/pin/pad audit passed; prototype qualification and assembly process pending","2026-10-04"
"R45,R46,R47,R48,R69,R70,R71,R72","8","10ohm","FH","RPL-12K10R0FT","C2991665","2512","10 ohm/2 W; four 20 ohm parallel dump branches; 10 ohm/2 W; four 20 ohm parallel dump branches; 10 ohm/2 W; four 20 ohm parallel dump branches; 10 ohm/2 W; four 20 ohm parallel dump branches; 10 ohm/2 W; four 20 ohm parallel dump branches; 10 ohm/2 W; four 20 ohm parallel dump branches; 10 ohm/2 W; four 20 ohm parallel dump branches; 10 ohm/2 W; four 20 ohm parallel dump branches","imports/RPL_12K10R0FT.tsx","111765","JLCPCB Extended assembly listing; snapshot, not reserved","https://jlcpcb.com/parts/componentSearch?searchTxt=RPL-12K10R0FT","https://datasheet.lcsc.com/datasheet/pdf/6d0c506094879e72513db39324462eae.pdf?productCode=C2991665","A22 unchanged official import/schema/pin/pad audit passed; prototype qualification and assembly process pending","2026-10-04"
"U10","1","DRV8874PWPR","TI","DRV8874PWPR","C1855818","HTSSOP-16-EP","Integrated PWM-mode H bridge, nominal 2.22 A chopping","imports/DRV8874PWPR.tsx","29927","JLCPCB Extended assembly listing; snapshot, not reserved","https://jlcpcb.com/parts/componentSearch?searchTxt=DRV8874PWPR","https://datasheet.lcsc.com/datasheet/pdf/70bf2508fc7e8ef3009a3ef0e2998029.pdf?productCode=C1855818","A22 unchanged official import/schema/pin/pad audit passed; prototype qualification and assembly process pending","2026-10-04"
"R50,R54","2","3.3kohm","UNI-ROYAL","0402WGF3301TCE","C25890","0402","3.3 k current-sense resistor; Power LED current limit","imports/A_0402WGF3301TCE.tsx","2082997","JLCPCB Basic assembly listing; snapshot, not reserved","https://jlcpcb.com/parts/componentSearch?searchTxt=0402WGF3301TCE","https://datasheet.lcsc.com/datasheet/pdf/0a975aaa49b7c97f38a963127be4a823.pdf?productCode=C25890","A22 unchanged official import/schema/pin/pad audit passed; prototype qualification and assembly process pending","2026-10-04"
"D10,D11","2","SMBJ15CA","YANGJIE","SMBJ15CA","C211759","DO-214AA(SMB)","Bidirectional motor terminal TVS, 24.4 V nominal surge clamp; Backup motor-rail TVS; primary clamp tracks selected rail","imports/SMBJ15CA.tsx","21342","JLCPCB Extended assembly listing; snapshot, not reserved","https://jlcpcb.com/parts/componentSearch?searchTxt=SMBJ15CA","https://datasheet.lcsc.com/datasheet/pdf/504fd1ee1f1560ad4781bddb0ee12cce.pdf?productCode=C211759","A22 unchanged official import/schema/pin/pad audit passed; prototype qualification and assembly process pending","2026-10-04"
"J2","1","DB126V-5.0-2P-GN-P","DORABO","DB126V-5.0-2P-GN-P","C395849","Through Hole,P=5mm","Direct 2-pin 5 mm motor screw terminal","imports/DB126V_5_0_2P_GN_P.tsx","6538","JLCPCB Extended assembly listing; snapshot, not reserved","https://jlcpcb.com/parts/componentSearch?searchTxt=DB126V-5.0-2P-GN-P","https://datasheet.lcsc.com/datasheet/pdf/24de7591554c0d2f68ba06232b334c85.pdf?productCode=C395849","A22 unchanged official import/schema/pin/pad audit passed; prototype qualification and assembly process pending","2026-10-04"
"U11","1","PD qualification MCU","ST","STM32G030F6P6TR","C529330","TSSOP-20","PD qualification only; hardware PWM independent","imports/STM32G030F6P6TR.tsx","4682","JLCPCB Extended assembly listing; pre-order required; minimum 8; estimated 13 days","https://jlcpcb.com/parts/componentSearch?searchTxt=STM32G030F6P6TR","https://datasheet.lcsc.com/datasheet/pdf/753f35401d4598e355b1dd55569495e1.pdf?productCode=C529330","A22 unchanged official import/schema/pin/pad audit passed; prototype qualification and assembly process pending","2026-10-04"
"SW2","1","2-bit motor voltage DIP","kangshen","DSHP02TSGER","C3293142","SMD,P=1.27mm","DIP voltage selector: both OFF=5 V; right ON=9 V; left ON=12 V; both ON=inhibit","imports/DSHP02TSGER.tsx","33936","JLCPCB Extended assembly listing; snapshot, not reserved","https://jlcpcb.com/parts/componentSearch?searchTxt=DSHP02TSGER","https://datasheet.lcsc.com/datasheet/pdf/99e3bb70ed5b8a6be13dec873d9ccd66.pdf?productCode=C3293142","A22 unchanged official import/schema/pin/pad audit passed; prototype qualification and assembly process pending","2026-10-04"
"R68","1","1kOhm","ROHM","ESR18EZPF1001","C2074262","1206","1 kOhm/0.5 W motor-rail discharge; 3 s power-sequencing timeout; thermal verification pending","imports/ESR18EZPF1001.tsx","101376","JLCPCB Extended assembly listing; snapshot, not reserved","https://jlcpcb.com/parts/componentSearch?searchTxt=ESR18EZPF1001","https://datasheet.lcsc.com/datasheet/pdf/47b0f000b8781f6578038fbca26cc49a.pdf?productCode=C2074262","A22 unchanged official import/schema/pin/pad audit passed; prototype qualification and assembly process pending","2026-10-04"
"R60,R66","2","100kohm","YAGEO","AT0603BRD07100KL","C855559","0603","VBUS ADC divider upper; 0.1% precision sensing; Motor-rail ADC divider upper; 0.1% precision sensing","imports/AT0603BRD07100KL.tsx","7676","JLCPCB Extended assembly listing; snapshot, not reserved","https://jlcpcb.com/parts/componentSearch?searchTxt=AT0603BRD07100KL","https://datasheet.lcsc.com/datasheet/pdf/837b5ba54f8063c3882b949c35751654.pdf?productCode=C855559","A22 unchanged official import/schema/pin/pad audit passed; prototype qualification and assembly process pending","2026-10-04"
"R61,R67","2","10kohm","YAGEO","RT0603BRD0710KL","C95204","0603","VBUS ADC divider lower; 11:1 scale; 0.1% precision sensing; Motor-rail ADC divider lower; independent absolute-rail qualification; 0.1% precision sensing","imports/RT0603BRD0710KL.tsx","1842452","JLCPCB Extended assembly listing; snapshot, not reserved","https://jlcpcb.com/parts/componentSearch?searchTxt=RT0603BRD0710KL","https://datasheet.lcsc.com/datasheet/pdf/46d7760c582640714d605308a25a220a.pdf?productCode=C95204","A22 unchanged official import/schema/pin/pad audit passed; prototype qualification and assembly process pending","2026-10-04"
"TP1,TP2,TP3,TP4,TP5,TP6,TP7","7","5015","Keystone Electronics","5015","C2906768","SMD","SWDIO accessible programming/measurement contact; SWCLK accessible programming/measurement contact; MCU_NRST accessible programming/measurement contact; GND accessible programming/measurement contact; VCC3V3 accessible programming/measurement contact; VBUS accessible programming/measurement contact; VM accessible programming/measurement contact","imports/A_5015.tsx","35","JLCPCB Extended assembly listing; pre-order required; minimum 33","https://jlcpcb.com/parts/componentSearch?searchTxt=5015","https://beta.keyelco.com/userAssets/file/M70p61.pdf","Official import passed; supplier procurement and manual placement required before assembly","2026-10-04"
